{"cameraMode":{"drawMode":0,"name":"Shaded","section":"Shading Mode"},"sceneLighting":true,"audioPlay":false,"sceneViewState":{"showFog":true,"showMaterialUpdate":false,"showSkybox":true,"showFlares":true,"showImageEffects":true,"showParticleSystems":true},"in2DMode":false,"pivot":{"x":0.7246536612510681,"y":2.1241164207458498,"z":-2.335266590118408},"rotation":{"x":-0.1519332081079483,"y":0.6880142688751221,"z":-0.6934182047843933,"w":-0.15074928104877473},"size":4.4224853515625,"orthographic":false}