{"cameraMode":{"drawMode":0,"name":"Shaded","section":"Shading Mode"},"sceneLighting":false,"audioPlay":false,"sceneViewState":{"showFog":true,"showMaterialUpdate":false,"showSkybox":false,"showFlares":true,"showImageEffects":true,"showParticleSystems":true},"in2DMode":false,"pivot":{"x":931.5679931640625,"y":1008.412353515625,"z":-83.34410858154297},"rotation":{"x":-0.3572036623954773,"y":0.5173004865646362,"z":-0.25103986263275149,"w":-0.7360644936561585},"size":425.5552062988281,"orthographic":false}