{"cameraMode":{"drawMode":0,"name":"Shaded","section":"Shading Mode"},"sceneLighting":true,"audioPlay":false,"sceneViewState":{"showFog":true,"showMaterialUpdate":false,"showSkybox":true,"showFlares":true,"showImageEffects":true,"showParticleSystems":true},"in2DMode":false,"pivot":{"x":6.801522731781006,"y":4.867671012878418,"z":-1.2699611186981202},"rotation":{"x":-0.23952025175094605,"y":0.4833269715309143,"z":-0.13940443098545075,"w":-0.830421507358551},"size":210.09417724609376,"orthographic":false}